{
  "version": 1,
  "author": "ldirko",
  "editor": "wokwi",
  "parts": [
    { "type": "wokwi-arduino-mega", "id": "nano", "top": -69.36, "left": 14.6, "attrs": {} },
    {
      "type": "wokwi-neopixel-canvas",
      "id": "neopixels",
      "top": -364.4,
      "left": -144.9,
      "attrs": { "rows": "10", "cols": "60", "pixelate": "1" }
    }
  ],
  "connections": [
    [ "neopixels:DIN", "nano:3", "green", [ "v67.95", "h19.2" ] ],
    [ "nano:GND.2", "neopixels:VSS", "black", [ "v-21.84", "h-43.9" ] ],
    [ "nano:5V", "neopixels:VDD", "red", [ "v6.96", "h-130.3", "v-76.8", "h0" ] ]
  ],
  "dependencies": {}
}