{
  "version": 1,
  "author": "rival syifa ruslani",
  "editor": "wokwi",
  "parts": [
    { "type": "wokwi-arduino-uno", "id": "uno", "top": 58.2, "left": 28.2, "attrs": {} },
    {
      "type": "wokwi-lcd1602",
      "id": "lcd1",
      "top": -118.4,
      "left": 24.8,
      "attrs": { "pins": "i2c" }
    },
    { "type": "wokwi-hc-sr04", "id": "ultrasonic1", "top": -75.3, "left": 360.7, "attrs": {} }
  ],
  "connections": [
    [ "lcd1:GND", "uno:GND.3", "black", [ "h-76.8", "v364.8", "h259.2" ] ],
    [ "lcd1:VCC", "uno:5V", "red", [ "h-67.2", "v345.7", "h230.4" ] ],
    [ "lcd1:SDA", "uno:A4.2", "green", [ "h-48", "v115.4", "h144" ] ],
    [ "lcd1:SCL", "uno:A5.2", "gray", [ "h-38.4", "v96.3", "h9.6" ] ],
    [ "uno:5V", "ultrasonic1:VCC", "purple", [ "v57.5", "h234.2", "v-19.2" ] ],
    [ "ultrasonic1:TRIG", "uno:7", "cyan", [ "v19.2", "h-221.2" ] ],
    [ "ultrasonic1:ECHO", "uno:8", "blue", [ "v28.8", "h-250.4" ] ],
    [ "ultrasonic1:GND", "uno:GND.2", "yellow", [ "v297.6", "h-270" ] ]
  ],
  "dependencies": {}
}