{
  "version": 1,
  "author": "Uri Shaked",
  "editor": "wokwi",
  "parts": [
    { "type": "wokwi-esp32-devkit-v1", "id": "esp", "top": 4.7, "left": -5, "attrs": {} },
    {
      "type": "wokwi-led",
      "id": "led1",
      "top": -3.33,
      "left": 153.33,
      "attrs": { "color": "red" }
    },
    {
      "type": "wokwi-resistor",
      "id": "r1",
      "top": 62.4,
      "left": 153.05,
      "rotate": 90,
      "attrs": { "value": "330000" }
    },
    {
      "type": "wokwi-led",
      "id": "led2",
      "top": -3.6,
      "left": 205.4,
      "attrs": { "color": "orange" }
    },
    {
      "type": "wokwi-led",
      "id": "led3",
      "top": -3.6,
      "left": 253.4,
      "attrs": { "color": "limegreen" }
    },
    {
      "type": "wokwi-resistor",
      "id": "r2",
      "top": 72,
      "left": 201.05,
      "rotate": 90,
      "attrs": { "value": "330000" }
    },
    {
      "type": "wokwi-resistor",
      "id": "r3",
      "top": 72,
      "left": 249.05,
      "rotate": 90,
      "attrs": { "value": "330000" }
    }
  ],
  "connections": [
    [ "esp:TX0", "$serialMonitor:RX", "", [] ],
    [ "esp:RX0", "$serialMonitor:TX", "", [] ],
    [ "esp:GND.1", "led1:C", "black", [ "h0" ] ],
    [ "led1:A", "r1:1", "green", [ "v0" ] ],
    [ "led2:A", "r2:1", "green", [ "v0" ] ],
    [ "led3:A", "r3:1", "green", [ "v0" ] ],
    [ "led2:C", "esp:GND.1", "green", [ "v115.2", "h0.4" ] ],
    [ "led3:C", "esp:GND.1", "green", [ "v115.2", "h-9.2" ] ],
    [ "r1:2", "esp:D2", "green", [ "h0", "v37.2" ] ],
    [ "r2:2", "esp:D4", "green", [ "h0", "v18" ] ],
    [ "r3:2", "esp:D5", "green", [ "h-153.6", "v-10.8" ] ]
  ],
  "dependencies": {}
}